Name,Email,Country,Gender
Bale,broiz0@bloomberg.com,Sweden,Male
Elisabeth,egoggey1@wikimedia.org,Philippines,Female
Baillie,bmarion2@prlog.org,China,Male
Kimberlee,kneicho3@tripadvisor.com,Mexico,Female
Lea,lbaldrey4@unc.edu,Uzbekistan,Female
Kaitlynn,kocrotty5@behance.net,Russia,Female
Idalina,iblaine6@mayoclinic.com,Greece,Female
Blane,bthurlow7@reverbnation.com,Finland,Male
Archy,anaismith8@examiner.com,Albania,Male
Amie,asimanek9@jigsy.com,China,Female
Cammi,cmulrana@cloudflare.com,Philippines,Female
Sylvia,sstrangerb@miibeian.gov.cn,Philippines,Female
D'arcy,dhanbyc@theatlantic.com,United States,Male
Mitzi,mbothbied@europa.eu,Indonesia,Female
Jenn,jalwene@t.co,Indonesia,Female
Saleem,sveckf@vkontakte.ru,Pakistan,Male
Caryl,cidwalevansg@ft.com,Mexico,Female
Cyrillus,cnatwickh@naver.com,Philippines,Male
Darnall,dcancutti@mac.com,Sri Lanka,Male
Bernetta,bgonnelj@bravesites.com,France,Female
Kesley,ktissellk@wikispaces.com,Vietnam,Female
Julius,jyerburyl@spotify.com,Czech Republic,Male
Isaak,iburkettm@bandcamp.com,Canada,Male
Bettine,bchownen@deviantart.com,Poland,Female
Wyatt,wrobuso@google.es,Brazil,Male
Piggy,pconnerp@a8.net,Uganda,Male
Kath,kibbettq@elpais.com,Bosnia and Herzegovina,Female
Sheri,smuggachr@geocities.com,Nigeria,Female
Glendon,gousleys@vkontakte.ru,Thailand,Male
Marvin,mjolint@domainmarket.com,Indonesia,Male
Fina,fjercheu@netvibes.com,Syria,Female
Borg,bojedav@yahoo.co.jp,Poland,Male
Inger,iduffilw@discovery.com,Zimbabwe,Female
Georg,gfieldenx@quantcast.com,Czech Republic,Male
Randy,rpearseyy@senate.gov,Mongolia,Female
Sandra,shanniganez@soup.io,China,Female
Shandie,sburvill10@java.com,Czech Republic,Female
Katee,kfolley11@ovh.net,China,Female
Vernice,vpimblotte12@google.co.uk,Colombia,Female
Chelsae,csollas13@cisco.com,Sweden,Female
Arielle,adewinton14@pinterest.com,China,Female
Trefor,tworner15@tamu.edu,Russia,Male
Kali,kyeskov16@rambler.ru,Mauritius,Female
Marjie,molifard17@sbwire.com,Nigeria,Female
Gratiana,gbutlin18@umich.edu,Russia,Female
Mollee,mbauchop19@cnet.com,Nepal,Female
Jillene,jyeskin1a@ftc.gov,Sweden,Female
Cary,cboltwood1b@google.com,France,Male
Talia,tbonass1c@rambler.ru,China,Female
Dan,dbonham1d@nydailynews.com,Sweden,Male
Alvera,atague1e@delicious.com,Honduras,Female
Joceline,jflewett1f@paginegialle.it,Indonesia,Female
Felicio,fbunch1g@chronoengine.com,Vietnam,Male
Serena,sburdess1h@twitpic.com,Kazakhstan,Female
Adlai,amckea1i@narod.ru,Russia,Male
Fredra,faspy1j@about.me,South Africa,Female
Ada,aivers1k@fotki.com,Indonesia,Female
Mischa,mbalogh1l@linkedin.com,Russia,Male
Land,lsamples1m@ucoz.ru,Cambodia,Male
Lawton,lstaples1n@oracle.com,Indonesia,Male
Carling,ckirkness1o@digg.com,South Africa,Male
Vincent,vrivenzon1p@eventbrite.com,Portugal,Male
Ninnette,nchampe1q@jimdo.com,Bulgaria,Female
Adriana,aziems1r@digg.com,Thailand,Female
Emilia,eswyne1s@paypal.com,Ivory Coast,Female
Thoma,tlowndsborough1t@cdbaby.com,United States,Male
Swen,sklementz1u@intel.com,Iran,Male
Kania,kvegas1v@flavors.me,Nigeria,Female
Harriett,hwroe1w@ning.com,Poland,Female
Leo,lkeener1x@cdbaby.com,China,Male
Candida,csheering1y@hostgator.com,Russia,Female
Milzie,mjirek1z@furl.net,Poland,Female
Harwilll,hgallimore20@nyu.edu,Bulgaria,Male
Sigismondo,sbartalin21@mtv.com,United States,Male
Staford,sgynn22@examiner.com,Argentina,Male
Tedmund,tbalderstone23@nbcnews.com,Venezuela,Male
Garold,gmontez24@netlog.com,China,Male
Zebedee,zeades25@163.com,Philippines,Male
Callie,cgoodridge26@ted.com,Indonesia,Female
Aidan,acroft27@nba.com,Venezuela,Female
Aloysia,acardiff28@businessinsider.com,Denmark,Female
Damon,dseater29@paypal.com,Philippines,Male
Del,dpettingall2a@bloglines.com,Sweden,Female
West,woflaverty2b@washington.edu,Philippines,Male
Francine,fvuitte2c@trellian.com,New Zealand,Female
Jorrie,jhargrove2d@economist.com,China,Female
Gladi,glally2e@redcross.org,China,Female
York,yoliverpaull2f@dyndns.org,China,Male
Haskel,htreverton2g@prlog.org,Ukraine,Male
Nyssa,nmarishenko2h@apache.org,United States,Female
Dud,dgoldby2i@reddit.com,Japan,Male
Chevy,cjane2j@ted.com,Philippines,Male
Dulcine,dmckeefry2k@blogger.com,Brazil,Female
Tessie,tswindley2l@elpais.com,Philippines,Female
Gussie,gshortan2m@usa.gov,France,Female
Helge,hpendry2n@shop-pro.jp,Czech Republic,Female
Inigo,ibranson2o@adobe.com,Czech Republic,Male
Celina,cflaherty2p@elpais.com,Mexico,Female
Demott,dmessier2q@wsj.com,Russia,Male
Hewitt,hhabben2r@taobao.com,Greece,Male
Dinnie,dluten2s@mediafire.com,France,Female
Anthe,ahenker2t@fda.gov,China,Female
Bruno,bnickels2u@pcworld.com,Brazil,Male
Lorie,lwoolerton2v@usatoday.com,Ukraine,Female
Rebeka,ropdenort2w@stanford.edu,Somalia,Female
Carolus,cjorden2x@usa.gov,Iraq,Male
Aeriell,abillingsly2y@mit.edu,China,Female
Gaylord,gheads2z@apache.org,Philippines,Male
Jone,jnewall30@vk.com,Russia,Male
Kimball,kprewer31@imdb.com,Malawi,Male
Zorana,zeaglestone32@auda.org.au,Russia,Female
Alf,areston33@cnn.com,China,Male
Douglas,dkeough34@oaic.gov.au,Afghanistan,Male
Freddi,fpenhallurick35@ebay.com,Japan,Female
Tierney,tjendrach36@kickstarter.com,China,Female
Mendie,mwaterhouse37@twitter.com,China,Male
Binny,blawman38@163.com,Malaysia,Female
Farra,fkenan39@gravatar.com,Russia,Female
Andria,acosham3a@icio.us,Nigeria,Female
Ardenia,araine3b@blogtalkradio.com,Vietnam,Female
Constantino,chastwell3c@blog.com,Argentina,Male
Clare,chowbrook3d@mozilla.com,El Salvador,Male
Kaleb,kachurch3e@epa.gov,China,Male
Zacharias,zclayal3f@bluehost.com,France,Male
Cilka,cdavall3g@addthis.com,Iran,Female
Jehu,jkydd3h@t-online.de,China,Male
Emelina,epol3i@virginia.edu,China,Female
Heida,hdinis3j@businessinsider.com,Brazil,Female
Griffin,gsquelch3k@sphinn.com,Indonesia,Male
Corny,cmapletoft3l@nasa.gov,Serbia,Female
Kiel,kmcginly3m@freewebs.com,Ukraine,Male
Jorgan,jbenoist3n@indiegogo.com,United Kingdom,Male
Kassie,kuman3o@meetup.com,Ethiopia,Female
Malchy,mbraz3p@discuz.net,Indonesia,Male
Vyky,vwieprecht3q@dot.gov,Indonesia,Female
Jack,jjarmaine3r@t-online.de,Moldova,Male
Wanids,wtollfree3s@purevolume.com,Bosnia and Herzegovina,Female
Ogden,orosenblad3t@disqus.com,Greece,Male
Carey,cmenico3u@berkeley.edu,China,Female
Rebeca,rrouthorn3v@globo.com,Afghanistan,Female
Broderic,bsuche3w@soup.io,Brazil,Male
Cleo,cmumbey3x@flickr.com,Dominican Republic,Female
Abramo,apovele3y@weather.com,Argentina,Male
Kellina,kferrieroi3z@tmall.com,China,Female
Willem,wdewdney40@nba.com,France,Male
Port,pruggen41@disqus.com,Croatia,Male
Tome,tmccann42@mozilla.com,Indonesia,Male
Josias,jjevons43@tiny.cc,Portugal,Male
Rustie,rwehner44@mail.ru,China,Male
Filbert,fmor45@addthis.com,Ukraine,Male
Elyse,ecarmody46@salon.com,Palestinian Territory,Female
Powell,pconnolly47@nytimes.com,Colombia,Male
Karlis,ktanser48@google.it,China,Male
Kyrstin,kwaiting49@de.vu,Brazil,Female
Cesaro,cpittford4a@delicious.com,Czech Republic,Male
Marga,mfairlie4b@go.com,China,Female
Feliza,flacelett4c@yahoo.com,Canada,Female
Galvan,ghelliwell4d@over-blog.com,Philippines,Male
Axel,arobjant4e@bluehost.com,Thailand,Male
Carl,ccorroyer4f@goo.ne.jp,Iraq,Male
Sarajane,sseamons4g@vkontakte.ru,Haiti,Female
Wadsworth,wkedslie4h@elpais.com,Albania,Male
Hamlen,habramson4i@tamu.edu,Japan,Male
Lauretta,lclement4j@census.gov,Luxembourg,Female
Daven,dbentsen4k@boston.com,China,Male
Earlie,ehonnan4l@harvard.edu,Brazil,Male
Garvey,gbarkhouse4m@nbcnews.com,United States,Male
Rosalia,rspaunton4n@mayoclinic.com,Portugal,Female
Constanta,cspedroni4o@aboutads.info,China,Female
Augustus,akeers4p@shinystat.com,Brazil,Male
Joyann,jtiron4q@t-online.de,Mongolia,Female
Constanta,cpercival4r@who.int,Costa Rica,Female
Milka,msimmon4s@bigcartel.com,Malaysia,Female
Constantino,cluckings4t@mediafire.com,United Kingdom,Male
Winne,wloughran4u@macromedia.com,Venezuela,Female
Clint,cclever4v@tripod.com,China,Male
Erl,eabrey4w@howstuffworks.com,Indonesia,Male
Eunice,ebalsom4x@parallels.com,Uruguay,Female
Rita,rslipper4y@apache.org,China,Female
Kennith,knann4z@smh.com.au,Bulgaria,Male
Gherardo,goneal50@sogou.com,Argentina,Male
Perceval,pdot51@bluehost.com,Brazil,Male
Keven,krastall52@smugmug.com,Brazil,Male
Worthington,wwitz53@tmall.com,Netherlands,Male
Martina,mpipworth54@examiner.com,Czech Republic,Female
Buckie,bdursley55@google.it,Philippines,Male
Rahel,rmoakson56@istockphoto.com,Vietnam,Female
Farlie,fhopkynson57@networksolutions.com,Poland,Male
Poppy,pashbey58@51.la,Norway,Female
Marilin,mwhittle59@bravesites.com,Syria,Female
Schuyler,sboullin5a@wunderground.com,Mexico,Male
Charis,cbrymner5b@ameblo.jp,Philippines,Female
Buddie,bmilesap5c@zdnet.com,Bangladesh,Male
Diann,dmacqueen5d@tinypic.com,Russia,Female
Natale,nhanstock5e@cbsnews.com,China,Male
Prudi,pvellacott5f@gravatar.com,France,Female
Gertrudis,glusher5g@furl.net,Indonesia,Female
Ingamar,ipepall5h@mapquest.com,Belarus,Male
Ardra,agrgic5i@zdnet.com,Indonesia,Female
Sibylla,sgiovannazzi5j@discuz.net,Russia,Female
Nap,nleathwood5k@unc.edu,El Salvador,Male
Shane,smcginty5l@example.com,France,Female
Kenn,kansley5m@rediff.com,Philippines,Male
Karlen,kkinnin5n@ehow.com,Croatia,Female
Erena,eacaster5o@xrea.com,Poland,Female
Lars,lfasset5p@ebay.co.uk,Indonesia,Male
Kiele,kbeccles5q@liveinternet.ru,China,Female
Niki,nsanter5r@rediff.com,China,Male
Kacy,kzanneli5s@odnoklassniki.ru,Brazil,Female
Hermione,hmccurrie5t@addthis.com,Ukraine,Female
Gwendolyn,glyngsted5u@fastcompany.com,New Zealand,Female
Margarete,mpepperill5v@seesaa.net,Russia,Female
Xenos,xpinnion5w@cloudflare.com,United States,Male
Rosie,rnayer5x@163.com,Portugal,Female
Gaspar,gcallear5y@webmd.com,Indonesia,Male
Michel,mbeautyman5z@yellowbook.com,China,Female
Jeffie,jbontoft60@histats.com,China,Male
Early,edemogeot61@techcrunch.com,Malaysia,Male
Gordie,ghutcheons62@ocn.ne.jp,Honduras,Male
Brear,bjouaneton63@tamu.edu,Canada,Female
Godfree,gloxley64@cornell.edu,Japan,Male
Norah,nemms65@homestead.com,China,Female
Hollyanne,hslay66@google.co.uk,China,Female
Arman,aelies67@last.fm,China,Male
Alexis,apinnijar68@senate.gov,China,Male
Heinrik,haughtie69@ameblo.jp,Argentina,Male
Timmy,tberrecloth6a@globo.com,Paraguay,Male
Humfried,hsyers6b@technorati.com,Finland,Male
Jayme,jleport6c@sitemeter.com,Indonesia,Female
Ilyssa,iwindas6d@archive.org,Venezuela,Female
Ambrosius,asall6e@prlog.org,Venezuela,Male
Charline,cbirchett6f@cnn.com,Estonia,Female
Priscilla,pguyon6g@artisteer.com,China,Female
Adelaida,acruft6h@miibeian.gov.cn,Portugal,Female
Bordy,bburrows6i@wiley.com,Denmark,Male
Julietta,jmcgiven6j@berkeley.edu,Indonesia,Female
Allistir,adooley6k@ftc.gov,Thailand,Male
Tori,tmattiacci6l@free.fr,Russia,Female
Barb,bmoreno6m@cdbaby.com,Brazil,Female
Laural,lcrayker6n@etsy.com,United States,Female
Frants,fyashin6o@apple.com,Indonesia,Male
Dwayne,deaglen6p@nydailynews.com,Indonesia,Male
Carlita,cgrimsell6q@webmd.com,Brazil,Female
Arlan,ashillingford6r@imageshack.us,Guinea,Male
Garvin,gezzy6s@imdb.com,China,Male
Zelig,zhuncoot6t@statcounter.com,China,Male
Babbie,braper6u@irs.gov,Greece,Female
Donal,dbrenton6v@jimdo.com,France,Male
Philomena,pschneider6w@simplemachines.org,United States,Female
Daile,dfisby6x@phoca.cz,Philippines,Female
Tatiana,tbenezeit6y@phoca.cz,Mongolia,Female
Janie,jcuzen6z@topsy.com,Indonesia,Female
Christoper,ceathorne70@dailymotion.com,Tanzania,Male
Jeffy,jkemston71@discovery.com,Philippines,Male
Starlin,sranaghan72@oracle.com,China,Female
Ingaberg,ikimbury73@wordpress.com,Azerbaijan,Female
Carlota,cbrandsen74@alibaba.com,Russia,Female
Finn,fdarco75@huffingtonpost.com,Czech Republic,Male
Will,weckley76@merriam-webster.com,United States,Male
Haley,hmacieja77@xrea.com,Japan,Female
Cristian,celletson78@economist.com,Uganda,Male
Raddy,rgarroch79@utexas.edu,Argentina,Male
Karrah,krotge7a@europa.eu,Thailand,Female
Roth,rcrafts7b@purevolume.com,Indonesia,Male
Stephana,sadenot7c@irs.gov,Canada,Female
Avrit,aconechie7d@slashdot.org,China,Female
Ellene,esiaspinski7e@prnewswire.com,China,Female
Mahmud,mcowans7f@canalblog.com,China,Male
Haze,hgiovani7g@tinypic.com,Indonesia,Male
Toddy,tdarque7h@businesswire.com,Brazil,Male
Theda,tonraet7i@netvibes.com,Czech Republic,Female
Yorgo,yalans7j@independent.co.uk,Brazil,Male
Gard,gpage7k@behance.net,United States,Male
Randolf,rperch7l@bluehost.com,Brazil,Male
Nilson,nmeadway7m@pcworld.com,United States,Male
Arabele,acordingly7n@mapy.cz,Spain,Female
Edmon,eralton7o@weebly.com,Ukraine,Male
York,ylacky7p@flavors.me,Albania,Male
Hashim,hbonallack7q@histats.com,Brazil,Male
Auroora,acherrett7r@delicious.com,France,Female
Kaleena,kchilders7s@discuz.net,China,Female
Toby,tfairbridge7t@typepad.com,Indonesia,Female
Sim,ssandifer7u@google.com.hk,Philippines,Male
Luce,lcaddie7v@sourceforge.net,Slovenia,Male
Junina,jparradine7w@prlog.org,Indonesia,Female
Michael,mgorelli7x@behance.net,China,Male
Aristotle,amatthews7y@yelp.com,China,Male
Cynde,cmaccall7z@privacy.gov.au,Guinea-Bissau,Female
Port,ptreagus80@amazonaws.com,Brazil,Male
Eydie,egummow81@cloudflare.com,Poland,Female
Tye,tmichin82@yolasite.com,Poland,Male
Marley,mfortie83@seattletimes.com,Czech Republic,Female
Purcell,pcaps84@elegantthemes.com,Sweden,Male
Ansley,adarycott85@xrea.com,China,Female
Morten,mscrivener86@bbc.co.uk,Syria,Male
Cori,cearie87@wp.com,Indonesia,Female
Northrup,ncowdray88@newyorker.com,Palestinian Territory,Male
Gustaf,gcromar89@csmonitor.com,Russia,Male
Rosamund,rlampaert8a@ocn.ne.jp,Iran,Female
Zelig,zfalk8b@ucla.edu,France,Male
Benjamen,bvoase8c@homestead.com,Panama,Male
Ollie,ofattore8d@japanpost.jp,Cambodia,Male
Osborne,osive8e@tinyurl.com,Portugal,Male
Bernadette,beakin8f@cloudflare.com,Indonesia,Female
Olin,omatchett8g@earthlink.net,Philippines,Male
Shandeigh,szold8h@xrea.com,United Arab Emirates,Female
Miran,mabeau8i@arstechnica.com,Russia,Female
Ennis,eades8j@usatoday.com,Brazil,Male
Nona,nmacauley8k@posterous.com,South Africa,Female
Hannis,hbolte8l@boston.com,Canada,Female
Roshelle,renochsson8m@nbcnews.com,Sweden,Female
Adrianne,ariditch8n@tinyurl.com,Tanzania,Female
Phoebe,padamowitz8o@blogtalkradio.com,Sweden,Female
Melisande,mcotterell8p@pcworld.com,Bangladesh,Female
Farica,freyner8q@chronoengine.com,United Kingdom,Female
Giovanna,gmcneish8r@1688.com,Brazil,Female
Sephira,slandes8s@wordpress.org,Philippines,Female
Albertine,apetken8t@google.fr,Syria,Female
Gard,gsambells8u@google.fr,Poland,Male
Anneliese,aodonohoe8v@instagram.com,Indonesia,Female
Annabella,acolbron8w@indiegogo.com,Greece,Female
Yuma,yburtonshaw8x@answers.com,United States,Male
Esmaria,ecostley8y@adobe.com,China,Female
Tally,tbeville8z@nyu.edu,China,Female
Land,lhoy90@mail.ru,Japan,Male
Hyacinthe,hbolzen91@google.com.au,China,Female
Port,popdenort92@liveinternet.ru,Ukraine,Male
Ardyth,aguiraud93@printfriendly.com,Portugal,Female
Beverley,bmuscott94@europa.eu,Ukraine,Female
Temple,thuetson95@imageshack.us,Indonesia,Male
Xever,xpickvance96@msu.edu,Albania,Male
Ban,bdockrill97@va.gov,Russia,Male
Sergeant,shadgkiss98@theguardian.com,Indonesia,Male
Nicolis,nsimionato99@wordpress.org,China,Male
Rosmunda,rgladdish9a@youtube.com,Argentina,Female
Joelle,jaseef9b@redcross.org,Netherlands,Female
Concettina,cstump9c@whitehouse.gov,Central African Republic,Female
Edee,esiverns9d@blogtalkradio.com,Norway,Female
Tiena,tkiddye9e@exblog.jp,Venezuela,Female
Chariot,clurriman9f@wordpress.org,Indonesia,Male
Avis,askayman9g@reddit.com,Croatia,Female
Robinette,rgierke9h@stanford.edu,Thailand,Female
Nikoletta,nspong9i@nydailynews.com,Brazil,Female
Ermina,emacpharlain9j@shinystat.com,China,Female
Cy,cbarends9k@biglobe.ne.jp,China,Male
Al,amerigot9l@soup.io,Indonesia,Male
Earlie,ecorriea9m@imgur.com,Indonesia,Male
Hyacintha,heckford9n@walmart.com,Macedonia,Female
Bridget,brudkin9o@wix.com,Russia,Female
Ted,tguillem9p@whitehouse.gov,Russia,Male
Norina,ncraufurd9q@parallels.com,Poland,Female
Mathew,mephson9r@geocities.com,Norway,Male
Derron,dbruyns9s@joomla.org,Brazil,Male
Brenn,bsoeiro9t@simplemachines.org,France,Female
Ty,tmacewan9u@typepad.com,Mauritius,Male
Darsey,denns9v@tiny.cc,Brazil,Female
Godfree,gschlag9w@privacy.gov.au,China,Male
Leontyne,lbairnsfather9x@acquirethisname.com,Ukraine,Female
Aila,aingarfill9y@hostgator.com,China,Female
Bianka,brea9z@oaic.gov.au,China,Female
Bartlet,btrouta0@census.gov,Sweden,Male
Wilburt,wcardalla1@buzzfeed.com,Indonesia,Male
Welbie,wpreslanda2@dyndns.org,Indonesia,Male
Quentin,qhurdedgea3@cnet.com,Argentina,Male
Garvin,gfarrona4@topsy.com,Poland,Male
Frederik,fbeavona5@barnesandnoble.com,Brazil,Male
Ernesta,esperretta6@cornell.edu,Egypt,Female
Hailee,hbaulcha7@usa.gov,Ireland,Female
Jody,jschneidera8@dell.com,China,Male
Nerti,ndalmeidaa9@rambler.ru,Chile,Female
Cicily,cdowneaa@mozilla.org,Brazil,Female
Fleming,fgozzardab@google.co.jp,Azerbaijan,Male
Johnnie,jmcasgillac@wired.com,China,Male
Legra,lrendallad@mediafire.com,Portugal,Female
Hieronymus,hdevonsideae@ning.com,China,Male
Sheffie,smandyaf@wiley.com,Russia,Male
Allyce,alathomag@cmu.edu,China,Female
Poppy,pborrowsah@china.com.cn,Portugal,Female
Vinita,vmountcastleai@irs.gov,Sweden,Female
Freddie,fewdaleaj@fema.gov,Philippines,Female
Kimble,khammarbergak@vistaprint.com,Greece,Male
Maurise,mkeightleyal@g.co,Indonesia,Male
Honey,hbarenskyam@google.it,Netherlands,Female
Riki,rkilshallan@ucoz.com,Canada,Female
Joya,jminterao@addthis.com,Indonesia,Female
Ingeberg,ialowayap@elegantthemes.com,Portugal,Female
Angel,aswinleyaq@irs.gov,Chile,Female
Devinne,dghelardoniar@accuweather.com,Germany,Female
Lari,lmorysonas@exblog.jp,Philippines,Female
Nedda,nbotfieldat@google.com.au,Macedonia,Female
Nikos,nkillgusau@dagondesign.com,Croatia,Male
Cory,cleteurtreav@google.pl,China,Female
Brandy,bdunnaw@trellian.com,Ukraine,Female
Darsey,dswanborrowax@privacy.gov.au,Indonesia,Female
John,jsanhamay@whitehouse.gov,Honduras,Male
Correna,cboytonaz@java.com,China,Female
Opalina,oodyvoieb0@accuweather.com,Brazil,Female
Anthony,ahaddockb1@prlog.org,China,Male
Clemmy,cmasdonb2@wordpress.com,Ukraine,Male
Jefferey,jsalmonib3@oracle.com,Malaysia,Male
Othilia,obrydenb4@businesswire.com,Ukraine,Female
Melanie,mhamb5@simplemachines.org,Indonesia,Female
Kane,kwesthoffb6@wp.com,Philippines,Male
Leora,lweaversb7@apple.com,France,Female
Roland,ralgerb8@boston.com,Brazil,Male
Ailis,ahussellb9@twitter.com,Iraq,Female
Lydon,lsherrottba@comsenz.com,New Caledonia,Male
Sylas,sriggollbb@tamu.edu,Chile,Male
Kimbra,kdonsonbc@instagram.com,Indonesia,Female
Jacky,jgirkinbd@dot.gov,Portugal,Male
Julina,jdimblebybe@geocities.com,United States,Female
Corey,ccaughanbf@timesonline.co.uk,United States,Male
Hedi,hkupiszbg@salon.com,Philippines,Female
Ella,emartinezbh@sakura.ne.jp,China,Female
Anneliese,aemsonbi@meetup.com,China,Female
Lizbeth,lmillionbj@domainmarket.com,Cape Verde,Female
Haywood,hrunciebk@behance.net,China,Male
Leila,livashnyovbl@geocities.com,South Africa,Female
Emmie,eblampeybm@woothemes.com,South Korea,Female
Carlie,cpirniebn@ehow.com,France,Female
Dinny,ddysartbo@google.pl,Ukraine,Female
Gregory,gbunclarkbp@mail.ru,Cuba,Male
Aurthur,abarnbybq@netscape.com,Tanzania,Male
Opal,omignotbr@google.co.jp,Croatia,Female
Maighdiln,mcurwoodbs@techcrunch.com,Malaysia,Female
Annabal,aficklingbt@imgur.com,Philippines,Female
Sasha,sbuddenbu@instagram.com,Mongolia,Male
Joseito,jlandsburybv@mediafire.com,Costa Rica,Male
Eleen,echablebw@ask.com,Mexico,Female
Abbott,ahartzogbx@comsenz.com,Costa Rica,Male
Cara,csuppleby@skype.com,Philippines,Female
Ruthy,rjurasekbz@4shared.com,Indonesia,Female
Nanine,nravenhillsc0@quantcast.com,Solomon Islands,Female
Ripley,rhowec1@storify.com,Portugal,Male
Susannah,sbancroftc2@paginegialle.it,Brazil,Female
Lauraine,lpelosc3@delicious.com,Peru,Female
Holden,hkeetleyc4@bbb.org,Bangladesh,Male
Karry,kwashbrookc5@ycombinator.com,Indonesia,Female
Virginia,vhartusc6@qq.com,Syria,Female
Cordie,cslynec7@discovery.com,China,Female
Valentia,vwhetsonc8@uol.com.br,Poland,Female
Fiorenze,fmartinc9@goodreads.com,Colombia,Female
Wilhelmina,wspilisyca@amazon.co.jp,Gambia,Female
Jandy,jdelasallecb@google.ca,France,Female
Cordie,cjephsoncc@addthis.com,Venezuela,Male
Ermanno,edevauxcd@cpanel.net,China,Male
Barbara,btrippackce@ning.com,Niger,Female
Wanids,wrubinovcf@godaddy.com,China,Female
Brady,bcozenscg@gov.uk,China,Male
Shelba,svernerch@uiuc.edu,Iran,Female
Leigh,lslarkeci@icio.us,China,Female
Phillie,pbatescj@tripadvisor.com,Palau,Female
Dwain,dpattlelck@virginia.edu,Bolivia,Male
Wernher,wchillcotcl@ted.com,Russia,Male
Jermaine,jkulvercm@marriott.com,Georgia,Female
Cull,csportoncn@cpanel.net,Ukraine,Male
Dorothy,dtamburoco@merriam-webster.com,Portugal,Female
Feodor,fbrabbinscp@livejournal.com,Argentina,Male
Barty,bknaggscq@free.fr,Greece,Male
Miltie,mraggattcr@senate.gov,Philippines,Male
Zak,znealeycs@webmd.com,Russia,Male
Farlie,fsamsct@bravesites.com,Norway,Male
Freddy,fdominiquecu@bandcamp.com,China,Female
Conchita,ckettcv@barnesandnoble.com,Poland,Female
Lilllie,lwherritcw@go.com,Albania,Female
Loydie,llegryscx@loc.gov,Portugal,Male
Lindi,lsleecy@ovh.net,Greece,Female
Karlee,kstennardcz@army.mil,China,Female
Charleen,cfalknerd0@hubpages.com,China,Female
Herold,hkemeryd1@go.com,Georgia,Male
Britteny,bziemd2@spotify.com,Peru,Female
Jonis,jpealingd3@usda.gov,China,Female
Aluino,aheinritzd4@jigsy.com,Poland,Male
Timmi,tbruckd5@ft.com,Japan,Female
Kennith,ksouthgated6@nps.gov,Greece,Male
Anetta,afillsd7@aol.com,Colombia,Female
Lanni,lwabeyd8@cdbaby.com,Mexico,Female
Morse,mdunstalld9@google.pl,Japan,Male
Bentley,bslaterda@networksolutions.com,Indonesia,Male
Cosme,ctibolsdb@fastcompany.com,China,Male
Aili,avinsondc@tumblr.com,Iran,Female
Henrietta,hseefusdd@irs.gov,China,Female
Benni,bboothede@etsy.com,Indonesia,Female
Roscoe,rcroaldf@icio.us,United Kingdom,Male
Eldridge,ealwooddg@mysql.com,Peru,Male
Gaylor,gsumnalldh@opensource.org,Philippines,Male
Priscilla,pwildgoosedi@oakley.com,China,Female
Moselle,mstrephandj@blogspot.com,Bangladesh,Female
Fabiano,fstrudwickdk@storify.com,Spain,Male
Dacey,dbeacroftdl@pagesperso-orange.fr,Philippines,Female
Minne,mlubmandm@wordpress.com,Norway,Female
Kalil,kfreendn@cbsnews.com,China,Male
Avis,atapperdo@gizmodo.com,Brazil,Female
Jasmin,jduncandp@alexa.com,Philippines,Female
Werner,wbeaumandq@prweb.com,China,Male
Fleurette,fstraindr@wisc.edu,China,Female
Jervis,jstefids@topsy.com,Philippines,Male
Tabb,tawindt@yale.edu,Brazil,Male
Emmery,ekennefickdu@forbes.com,Portugal,Male
Aurelea,aaustingdv@cdc.gov,Yemen,Female
Rudyard,rbosnelldw@tumblr.com,South Africa,Male
Zenia,zbenedekdx@elpais.com,China,Female
Fransisco,fpougherdy@alibaba.com,China,Male
Immanuel,imckinlaydz@mac.com,Bolivia,Male
Josi,jcreenane0@webnode.com,Sweden,Female
Silvio,syggoe1@google.fr,Brazil,Male
Brendin,bpetrice2@foxnews.com,Brazil,Male
Powell,pchampneyse3@nps.gov,Nigeria,Male
Regen,rbuxeye4@amazon.co.uk,China,Male
Maryjane,mpitkethlye5@cmu.edu,China,Female
Costanza,cpachee6@seesaa.net,Finland,Female
Rachael,rdiddamse7@ihg.com,Greece,Female
Sanson,sdohmse8@vistaprint.com,China,Male
Pinchas,pdreinane9@tinyurl.com,Poland,Male
Delora,dcarthyea@princeton.edu,Tanzania,Female
Dido,dthomazineb@npr.org,Colombia,Female
Stillmann,steazeec@posterous.com,Egypt,Male
Hussein,havramchiked@blogspot.com,Portugal,Male
Sayres,sgeroldee@usatoday.com,China,Male
Tim,tgatherellef@canalblog.com,Indonesia,Female
Hurleigh,hsawfooteg@flickr.com,Philippines,Male
Brear,bmiddlemisteh@who.int,China,Female
Gussy,galekseicikei@yahoo.co.jp,Philippines,Female
Arielle,agreenhallej@icio.us,United States,Female
Shani,sayliffeek@globo.com,China,Female
Elsi,efullomel@sciencedaily.com,Czech Republic,Female
Coriss,cjurcaem@reddit.com,Vietnam,Female
Torre,tvarneyen@statcounter.com,Peru,Male
Saw,sgibbieeo@fotki.com,China,Male
Emmerich,ebrandoep@stanford.edu,Ukraine,Male
Panchito,pshalderseq@tmall.com,China,Male
Heidi,hgullimaner@buzzfeed.com,Jordan,Female
Antoine,aclaydones@geocities.jp,Philippines,Male
Antoine,apanyeret@taobao.com,China,Male
Tim,tfarrandeu@topsy.com,Bosnia and Herzegovina,Female
Dasha,dkirsoppev@diigo.com,Belarus,Female
Hodge,hsnalhamew@tinypic.com,Honduras,Male
Fabien,fmoaksonex@nsw.gov.au,Madagascar,Male
Gonzalo,gpatershalley@zdnet.com,Portugal,Male
Arthur,amckewez@taobao.com,Ukraine,Male
Jacques,jizardf0@uol.com.br,China,Male
Kimble,kcarsf1@typepad.com,Mexico,Male
Cordy,cmeysf2@pagesperso-orange.fr,Indonesia,Female
Harald,hdodingf3@businesswire.com,Portugal,Male
Alexia,amallabyf4@wiley.com,United States,Female
Adham,araymenf5@columbia.edu,Portugal,Male
Hugo,hsneesbief6@creativecommons.org,Venezuela,Male
Timmie,tpoulsumf7@google.fr,Sweden,Female
Brew,bastmanf8@google.com.br,Czech Republic,Male
Karry,ktackf9@issuu.com,Zambia,Female
Karlyn,kcostanfa@flavors.me,Japan,Female
Rodina,rlinningfb@ibm.com,Philippines,Female
Saxe,sharborfc@google.com.hk,Poland,Male
Flory,fskitchfd@mac.com,China,Male
Anetta,amurdenfe@fotki.com,Yemen,Female
Nicky,nballentimeff@msn.com,Portugal,Female
Stephenie,slinningfg@bing.com,Sweden,Female
Falito,fandreoufh@opensource.org,Indonesia,Male
Ninnetta,nashbridgefi@so-net.ne.jp,France,Female
Catlin,cvicarfj@businesswire.com,France,Female
Jacob,jpinerfk@amazonaws.com,Mexico,Male
Callie,cspriggingfl@histats.com,France,Female
Lucita,lrishworthfm@amazonaws.com,Indonesia,Female
Mirella,mszymaniakfn@npr.org,Brazil,Female
Lauretta,lferrieresfo@multiply.com,Indonesia,Female
Ariel,afleetfp@dmoz.org,Pakistan,Female
Alec,arenisonfq@oaic.gov.au,Mauritius,Male
Edyth,ecaberafr@hatena.ne.jp,Azerbaijan,Female
Gennifer,gbollinfs@google.cn,Morocco,Female
Witty,wsevinft@army.mil,Portugal,Male
Antoinette,apawsonfu@barnesandnoble.com,Russia,Female
Libbey,lthurlingfv@privacy.gov.au,Israel,Female
Brose,blindgrenfw@mtv.com,Russia,Male
Lexis,loneillfx@soundcloud.com,France,Female
Brita,bpadlyfy@t-online.de,Poland,Female
Rivkah,rogleyfz@npr.org,Poland,Female
Maxie,mtoozeg0@artisteer.com,Philippines,Female
Allyce,aallinghamg1@last.fm,Russia,Female
Swen,sgrigoryevg2@mashable.com,Brazil,Male
Floris,freaderg3@list-manage.com,Madagascar,Female
Kiele,kspreckleyg4@deliciousdays.com,Togo,Female
Devinne,dclimog5@prweb.com,South Korea,Female
Cazzie,cchivrallg6@cbc.ca,Canada,Male
Colas,cblenkinshipg7@dot.gov,El Salvador,Male
Monro,mgurlingg8@amazon.de,Guatemala,Male
Isis,iposseltg9@storify.com,China,Female
Faulkner,fitzakga@issuu.com,Mexico,Male
Penrod,pfermoygb@engadget.com,China,Male
Brynne,bknightgc@cyberchimps.com,Indonesia,Female
Georgina,gaddenbrookegd@delicious.com,France,Female
Rycca,rcatheryge@businessinsider.com,Russia,Female
Natasha,nrobertotgf@dell.com,Indonesia,Female
Klemens,kcarsgg@cbsnews.com,Malaysia,Male
Mireielle,mparkegh@ebay.co.uk,Brazil,Female
Alessandro,anajafiangi@lycos.com,Brazil,Male
Elsa,ehorstedgj@cyberchimps.com,Kazakhstan,Female
Pam,pcainegk@redcross.org,Indonesia,Female
Abelard,afaichniegl@amazon.co.jp,China,Male
Valdemar,vdarnbrookgm@ibm.com,Finland,Male
Lesley,lrodgegn@squarespace.com,Sierra Leone,Female
Paulina,ppendergrastgo@stumbleupon.com,China,Female
Alexandro,adillowaygp@pen.io,Madagascar,Male
Camile,cdonahergq@webs.com,China,Female
Tammy,tsedgeworthgr@livejournal.com,Ukraine,Male
Woodrow,wvernazzags@example.com,China,Male
Colly,cdarreegt@shutterfly.com,Poland,Female
Reamonn,rpuesgu@yahoo.co.jp,Portugal,Male
Willamina,wlandersgv@nps.gov,Russia,Female
Ileana,ibrandassigw@nydailynews.com,Sweden,Female
Benny,bdecourseygx@cocolog-nifty.com,Uganda,Female
Becky,bbloxsumgy@is.gd,France,Female
Adler,ahawgz@shinystat.com,China,Male
Devondra,ddumphreyh0@scribd.com,Sweden,Female
Ameline,aathowh1@taobao.com,China,Female
Laurent,ltrangmarh2@nba.com,Indonesia,Male
Ed,eornelash3@washington.edu,Indonesia,Male
Isidor,ipulestonh4@typepad.com,Italy,Male
Wash,wbartosekh5@time.com,Ukraine,Male
Britteny,bosheah6@ibm.com,Azerbaijan,Female
Quintus,qmorehallh7@hugedomains.com,Philippines,Male
Woodie,wcoltarth8@geocities.jp,Indonesia,Male
Maddie,mtrinbeyh9@hexun.com,China,Male
Camella,cglassborowha@1und1.de,Indonesia,Female
Clarinda,cdelafeldhb@huffingtonpost.com,Japan,Female
Clemmy,cdawehc@examiner.com,Sweden,Female
Dianemarie,dcrimpehd@macromedia.com,China,Female
Erskine,ecosgryhe@ow.ly,China,Male
Pearce,pokeshotthf@google.ca,Portugal,Male
Rice,rminellihg@themeforest.net,Zambia,Male
Karil,karnowhh@nba.com,Philippines,Female
Tan,tbranehi@accuweather.com,Brazil,Male
Francine,fwidmorehj@tinypic.com,Thailand,Female
Lib,lhassonhk@admin.ch,Thailand,Female
Carolynn,ctathamhl@fc2.com,China,Female
Celisse,crexworthyhm@plala.or.jp,Comoros,Female
Rebekkah,rlegginghn@mapquest.com,Kazakhstan,Female
Aundrea,apridgeonho@nbcnews.com,Peru,Female
Ingelbert,ineumannhp@digg.com,Madagascar,Male
Kingsley,kseelerhq@businessinsider.com,United States,Male
Torey,tknuckleshr@infoseek.co.jp,Poland,Male
Heloise,hpeintonhs@yelp.com,Mexico,Female
Alasteir,amalleyht@virginia.edu,China,Male
Archibaldo,astarthu@netscape.com,France,Male
Meade,mlewsyhv@upenn.edu,Indonesia,Male
Efrem,ebarchrameevhw@eventbrite.com,Philippines,Male
Selina,sstoffelshx@goo.gl,Cameroon,Female
Colan,clepiscopihy@mac.com,United States,Male
Ellsworth,eboleshz@bbc.co.uk,Russia,Male
Orton,ocrocii0@ted.com,China,Male
Cosimo,cnicholsoni1@time.com,Ecuador,Male
Claybourne,cbarnsoni2@t-online.de,China,Male
Zak,ziacominii3@cocolog-nifty.com,Japan,Male
Read,rhugoneti4@sogou.com,China,Male
Greta,glambswoodi5@ebay.co.uk,Indonesia,Female
Eric,eochiltreei6@yellowbook.com,Serbia,Male
Starlene,scarderi7@latimes.com,Argentina,Female
Dav,dgreyi8@dell.com,Russia,Male
Ruggiero,rkadwallideri9@mapquest.com,Sweden,Male
Anabel,acarabineia@people.com.cn,United Kingdom,Female
Bernetta,bbonnefinib@redcross.org,Indonesia,Female
Ambrose,asimaoic@a8.net,Brazil,Male
Salomone,svasiljevicid@illinois.edu,Turkey,Male
Penny,plarradie@moonfruit.com,Russia,Male
Twyla,tlauif@bbc.co.uk,China,Female
Godwin,gcoltanig@twitter.com,China,Male
Nara,nstudmanih@hud.gov,Philippines,Female
William,wjeffreeii@epa.gov,France,Male
Aubrie,aradmoreij@omniture.com,Peru,Female
Olympe,odriik@discovery.com,Thailand,Female
Tatiania,tbugdaleil@clickbank.net,Iceland,Female
Hyacinthe,hbernonim@technorati.com,Afghanistan,Female
Blaine,bmacknielyin@xinhuanet.com,Panama,Male
Jen,jlichtfothio@cnet.com,Ukraine,Female
Pansy,pwhyberdip@plala.or.jp,Belarus,Female
Sigismund,smcsauliq@histats.com,Mongolia,Male
Gordy,gedlingtonir@thetimes.co.uk,China,Male
Finn,ftumais@prweb.com,Germany,Male
Sibelle,skingit@fastcompany.com,Egypt,Female
Fredrika,flarkkemiu@scientificamerican.com,Greece,Female
Letizia,lkitneyiv@foxnews.com,China,Female
Kaye,kgarrishiw@icq.com,Venezuela,Female
Wolfie,wyersinix@mac.com,Lithuania,Male
Skylar,spittamiy@slate.com,China,Male
Manya,mzepliniz@nps.gov,Indonesia,Female
Ardyce,agoldsterj0@w3.org,Nigeria,Female
Kris,kmenatj1@slashdot.org,Laos,Male
Stanleigh,snotleyj2@mapy.cz,Malaysia,Male
Mahmud,mwipflerj3@livejournal.com,Indonesia,Male
Ricardo,rbarteletj4@mayoclinic.com,China,Male
Dalia,dleftbridgej5@cnet.com,Greece,Female
Sid,supcraftj6@house.gov,Russia,Male
Whitaker,wpotburyj7@stumbleupon.com,Philippines,Male
Tonya,tpachtj8@mediafire.com,Mexico,Female
Erl,eskarmanj9@yellowpages.com,Russia,Male
Rosy,rdanilevichja@opera.com,Mexico,Female
Melly,mcalcraftjb@digg.com,Philippines,Female
Karla,kmclugaishjc@weather.com,Indonesia,Female
Bear,bdeathjd@foxnews.com,Poland,Male
Tyne,tbrabbsje@domainmarket.com,China,Female
Murry,mbengoughjf@nature.com,Greece,Male
Dilan,dellimanjg@indiatimes.com,Russia,Male
Ariel,alagnejh@purevolume.com,Indonesia,Male
Lorie,lhemphallji@last.fm,China,Female
Stearne,sbernardyjj@studiopress.com,Poland,Male
Ricard,rgladbeckjk@ucoz.ru,Philippines,Male
Alvis,aweedsjl@altervista.org,China,Male
Ike,ikuhlejm@mlb.com,Czech Republic,Male
Jenda,jschniederjn@myspace.com,China,Female
Justis,jjakoubekjo@seesaa.net,United States,Male
Lenard,lbartolommeojp@mac.com,Indonesia,Male
Orbadiah,ohakonsenjq@eventbrite.com,Poland,Male
Richart,rkleynjr@skype.com,China,Male
Fancie,fadnettjs@devhub.com,Indonesia,Female
Moishe,mohanessianjt@privacy.gov.au,South Africa,Male
Diego,dmatyushenkoju@sina.com.cn,Cyprus,Male
Ashlin,adrayejv@example.com,Poland,Male
Eba,eburbudgejw@opensource.org,China,Female
Leland,lredhollsjx@biglobe.ne.jp,United States,Male
Ninette,naceyjy@dropbox.com,Canada,Female
Conrade,ckobierzyckijz@shareasale.com,China,Male
Randal,rswiggerk0@hhs.gov,Vietnam,Male
Cacilia,cfateleyk1@wordpress.com,Russia,Female
Haydon,hbraidmank2@webnode.com,Morocco,Male
Bondon,bbastimank3@simplemachines.org,Mexico,Male
Kristo,kbragancak4@jiathis.com,Poland,Male
Gail,gfruink5@dell.com,China,Male
Lura,ldevennyk6@reference.com,China,Female
Kizzie,kclendeningk7@gnu.org,Germany,Female
Leodora,lroughsedgek8@stanford.edu,Indonesia,Female
Sallyann,srembrandtk9@flickr.com,China,Female
Neda,nmacsporranka@japanpost.jp,Indonesia,Female
Vern,vgillaspykb@nhs.uk,Mexico,Male
Olag,ocordeuxkc@foxnews.com,China,Male
Reider,rchermkd@biglobe.ne.jp,China,Male
Daron,dcoanke@mayoclinic.com,France,Male
Vilma,vsimpolekf@timesonline.co.uk,Ecuador,Female
Consalve,cmorantkg@wunderground.com,Indonesia,Male
Jud,jfloriskh@goo.gl,Russia,Male
Christabella,cstannerski@ihg.com,China,Female
Anstice,aorrellkj@omniture.com,Egypt,Female
Giffard,ggreestkk@trellian.com,Luxembourg,Male
Kimberlyn,kprettykl@ycombinator.com,Brazil,Female
Lucien,lroslekm@myspace.com,Iran,Male
Nil,nmargiottakn@techcrunch.com,Thailand,Male
Ana,aedmedko@elegantthemes.com,Ukraine,Female
Irina,ishallcrosskp@mlb.com,Philippines,Female
Ainslie,atradewellkq@noaa.gov,Armenia,Female
Martino,mmcnaekr@squarespace.com,China,Male
Willy,wqueripelks@unesco.org,Netherlands,Male
Gale,gleftridgekt@quantcast.com,Finland,Male
Karon,kdemetzku@ustream.tv,China,Female
Christye,clamprechtkv@addtoany.com,China,Female
Aldon,ajeveskw@seattletimes.com,Colombia,Male
Chaim,cattewellkx@issuu.com,Philippines,Male
Ignace,ifeakky@chicagotribune.com,Indonesia,Male
Nikki,nzorzuttikz@technorati.com,China,Male
Alie,apimmel0@wiley.com,Russia,Female
Denis,dcreechl1@webmd.com,Turkey,Male
Roxine,rclaybournl2@columbia.edu,China,Female
Reyna,rardenl3@nyu.edu,China,Female
Drucie,djanoutl4@pcworld.com,Portugal,Female
Gerrie,grainvillel5@usda.gov,Poland,Male
Ferdinand,fglaviasl6@mozilla.com,Colombia,Male
Anderson,abutcherl7@nationalgeographic.com,Lithuania,Male
Jesse,jmalacridal8@fotki.com,Indonesia,Male
Delainey,dfreebernel9@rakuten.co.jp,Madagascar,Male
Colman,cadneyla@japanpost.jp,Libya,Male
Rudolfo,rfiremanlb@blogs.com,Russia,Male
Jerald,jpickerinlc@wikimedia.org,Russia,Male
Charmian,cshackeltonld@newyorker.com,China,Female
Dana,dvanbrugle@businesswire.com,Equatorial Guinea,Female
Lanny,lainslielf@myspace.com,Portugal,Male
Shaun,ssleeplg@storify.com,Poland,Male
Andras,agermonlh@earthlink.net,China,Male
Gearalt,ghickeringillli@utexas.edu,Greece,Male
Paulo,pjouannissonlj@multiply.com,Papua New Guinea,Male
Rosie,rvalettlk@tinyurl.com,Serbia,Female
Danell,dinksterll@about.me,Czech Republic,Female
Arri,amoulsonlm@wordpress.com,France,Male
Hartley,hedlinln@mapy.cz,Indonesia,Male
Adlai,aseallylo@cafepress.com,Peru,Male
Salomo,slockittlp@com.com,China,Male
Mendel,mpinklq@baidu.com,Indonesia,Male
Jeniffer,jpentelowlr@cbsnews.com,Thailand,Female
Lilith,lbowkerls@wordpress.org,Portugal,Female
Odilia,oregglarlt@sphinn.com,Bulgaria,Female
Ramonda,rleportlu@plala.or.jp,South Africa,Female
Melesa,mmeldrumlv@ucsd.edu,Kazakhstan,Female
Paige,pgrafhomlw@google.ru,Indonesia,Male
Cristabel,chaganlx@google.com,China,Female
Leighton,lmcquinly@bloglines.com,Argentina,Male
Van,vcharlestonlz@icq.com,Ethiopia,Male
Ced,cstonbridgem0@economist.com,China,Male
Sheffield,sobrianm1@netlog.com,China,Male
Lishe,lgammidgem2@nasa.gov,Japan,Female
Stearne,sdrewellm3@intel.com,China,Male
Way,wsomerliem4@gmpg.org,China,Male
Annabelle,astadenm5@adobe.com,Mozambique,Female
Emmerich,eheffronm6@devhub.com,Indonesia,Male
Cora,camirandam7@whitehouse.gov,Indonesia,Female
Georgine,gbuckhamm8@fastcompany.com,Sweden,Female
Tamiko,tpepyem9@canalblog.com,United States,Female
Darin,dgolleyma@dell.com,Japan,Male
Raff,rfurmengermb@hostgator.com,Indonesia,Male
Minta,mdambrosimc@nih.gov,China,Female
Delores,dzanazzimd@harvard.edu,China,Female
Sayers,sbosseme@java.com,Egypt,Male
Lianna,lsilvermanmf@behance.net,Indonesia,Female
Wilone,wokemg@fc2.com,France,Female
Inglis,inayermh@addthis.com,Democratic Republic of the Congo,Male
Kendricks,keschemi@cdbaby.com,China,Male
Aloise,avancasselmj@51.la,Thailand,Female
Dorita,dmannixmk@de.vu,Zimbabwe,Female
Renaud,rrosenkrancml@technorati.com,China,Male
Felike,fcodimm@narod.ru,United States,Male
Bernhard,blambdeanmn@yahoo.com,Poland,Male
Amaleta,akeeleymo@dagondesign.com,Sweden,Female
Lester,lkinniermp@guardian.co.uk,Greece,Male
Carree,cgeraultmq@themeforest.net,Indonesia,Female
Maryanna,mdemannmr@yolasite.com,Greece,Female
Boone,bfoddyms@spotify.com,China,Male
Dell,dgaufordmt@guardian.co.uk,France,Female
Daron,dgoodsellmu@youtu.be,Syria,Male
Kylen,kjobinmv@mediafire.com,Philippines,Female
Tannie,tkempemw@nydailynews.com,Macedonia,Male
Elysha,enewberymx@hexun.com,China,Female
Gerhardt,gminghimy@adobe.com,Finland,Male
Coraline,ctolottimz@dailymail.co.uk,Indonesia,Female
Gauthier,gjillittn0@wufoo.com,Philippines,Male
Corbin,cmoncrieffen1@jimdo.com,Nigeria,Male
Bertrand,bjimen2@rediff.com,United States,Male
Lizzy,ltebbittn3@uol.com.br,Indonesia,Female
Mariam,myessonn4@un.org,Colombia,Female
Carlo,cmarushakn5@engadget.com,Norway,Male
Darci,ddysertn6@reference.com,China,Female
Mohandis,msteggalsn7@stumbleupon.com,Indonesia,Male
Darbie,dstennern8@chicagotribune.com,Canada,Female
Arabella,abruggenn9@nationalgeographic.com,Cuba,Female
Reggi,rdunsmorena@hatena.ne.jp,China,Female
Wittie,wruzickanb@scribd.com,China,Male
Delores,dlaurentnc@1und1.de,Iran,Female
Marty,mcheakend@google.co.jp,Ukraine,Male
Ase,aderricone@mashable.com,Sudan,Male
Alexa,amacneelynf@sakura.ne.jp,Indonesia,Female
Dominique,ddewdenyng@rambler.ru,Morocco,Male
Nat,nmacneillynh@google.com.br,Argentina,Female
Elladine,esclandersni@google.nl,Thailand,Female
Gates,gfardoenj@nature.com,China,Female
Nolly,nnashenk@statcounter.com,Nepal,Male
Pip,pbraunnl@hubpages.com,Philippines,Male
Cesare,cworvillnm@adobe.com,China,Male
Powell,predfernenn@bloglines.com,Japan,Male
Marja,measthamno@vkontakte.ru,Indonesia,Female
Jaynell,jridsdalenp@squidoo.com,Czech Republic,Female
Teena,tswabynq@usda.gov,China,Female
Nesta,njenourenr@ihg.com,Tonga,Female
Floris,fcronkshawns@joomla.org,Indonesia,Female
Jaymee,jpoatent@photobucket.com,China,Female
Christel,cdeakinsnu@apache.org,United States,Female
Gray,ghansmannv@weather.com,Chad,Female
Guillema,glillfordnw@amazon.com,Portugal,Female
Cliff,ccruikshanknx@ucoz.ru,Poland,Male
Rooney,randresny@merriam-webster.com,Colombia,Male
Nobie,nbeneditnz@wired.com,Egypt,Male
Nealson,nplucko0@admin.ch,Finland,Male
Cynthea,coaklando1@oracle.com,Ukraine,Female
Shaina,sjakubowskyo2@zimbio.com,Bosnia and Herzegovina,Female
Alice,aleebo3@plala.or.jp,Philippines,Female
Darrin,dmoodieo4@usgs.gov,Belarus,Male
Hilly,hchanderso5@ucoz.com,China,Male
Enrique,esottello6@photobucket.com,Netherlands,Male
Edlin,ejanowiczo7@eepurl.com,Russia,Male
Devy,daronovo8@google.es,Japan,Male
Shirlene,smacrierieo9@huffingtonpost.com,Iraq,Female
Bernadene,bizsakoa@slashdot.org,Philippines,Female
Pierrette,pogormleyob@tiny.cc,Russia,Female
Dougie,droffeoc@slideshare.net,China,Male
Broddy,bviversod@weebly.com,China,Male
Auberta,amurreyoe@ihg.com,Venezuela,Female
Hy,hsussansof@icq.com,Chile,Male
Alessandra,arubenog@parallels.com,China,Female
Chan,cstevensoh@wikimedia.org,Indonesia,Male
Esta,eespinosoi@redcross.org,Philippines,Female
Joellen,jclaceyoj@marriott.com,Zimbabwe,Female
Colby,cdeguerreok@chronoengine.com,Philippines,Male
Atalanta,aspereol@typepad.com,Belarus,Female
Meade,mfearickom@blog.com,Russia,Male
Farand,fwordenon@squidoo.com,Greece,Female
Dorothea,delmaroo@yolasite.com,Peru,Female
Nariko,nyaneleop@comsenz.com,Papua New Guinea,Female
Gloriana,gloutheoq@ox.ac.uk,Canada,Female
Hilton,hruddellor@mapquest.com,Portugal,Male
Nollie,npreos@studiopress.com,Brazil,Male
Red,rdibbinot@wunderground.com,Bulgaria,Male
Simmonds,skertessou@chron.com,China,Male
Geralda,gnobbsov@wp.com,Afghanistan,Female
Guillemette,gslisbyow@tinypic.com,China,Female
Brittani,bbaulkox@tumblr.com,Japan,Female
Dory,dmackeeoy@people.com.cn,Poland,Male
Liana,llarcieroz@vk.com,Norway,Female
Lucine,lvelarealp0@myspace.com,Indonesia,Female
Margarette,mwhitwoodp1@liveinternet.ru,United States,Female
Stanton,strendlep2@shareasale.com,Spain,Male
Theodore,tbradnickp3@disqus.com,China,Male
Adelaida,aceyssenp4@techcrunch.com,China,Female
Sissie,sstainingp5@chicagotribune.com,Indonesia,Female
Maurits,mlukesp6@multiply.com,Indonesia,Male
Rene,rbuesnelp7@is.gd,France,Female
Jocelyn,jbissexp8@clickbank.net,Costa Rica,Female
Tudor,twinnardp9@i2i.jp,Indonesia,Male
Edwina,ehenningtonpa@homestead.com,Indonesia,Female
Saunders,swinterbournepb@oaic.gov.au,Pakistan,Male
Travus,tkindredpc@example.com,China,Male
Beaufort,bveroniquepd@moonfruit.com,Russia,Male
Blondell,blipsettpe@adobe.com,Mongolia,Female
Forster,fblondellepf@mac.com,Peru,Male
Ansley,awickettpg@cbslocal.com,Philippines,Female
Zared,zgrouvelph@spiegel.de,Philippines,Male
Hetty,hbredespi@twitpic.com,Portugal,Female
Si,salespj@cbsnews.com,China,Male
Eugenie,eflemingpk@europa.eu,Dominican Republic,Female
Leda,lpaddlepl@nyu.edu,United States,Female
Kendricks,kmatouspm@lulu.com,China,Male
Zia,zquirkpn@huffingtonpost.com,Guinea-Bissau,Female
Gallard,gesposipo@studiopress.com,Russia,Male
Max,mmccorleypp@youtu.be,China,Female
Elmira,emacdonaldpq@guardian.co.uk,Armenia,Female
Clarie,ccleimentpr@mlb.com,Brazil,Female
Sharai,shaggardps@g.co,Austria,Female
Shannon,svaudreypt@booking.com,China,Male
Edouard,enandpu@ameblo.jp,Ukraine,Male
Brandea,bciccettipv@fotki.com,France,Female
Reagen,rburypw@engadget.com,Sweden,Male
Janenna,jseabrockepx@altervista.org,Poland,Female
Antonius,agarlettpy@bravesites.com,Dominican Republic,Male
Garreth,gensorpz@prnewswire.com,China,Male
Zaccaria,zsyrattq0@deviantart.com,Finland,Male
Kristin,kstronackq1@uiuc.edu,Guatemala,Female
Barry,bbyrkmyrq2@quantcast.com,Poland,Male
Frants,fdehoogeq3@whitehouse.gov,Russia,Male
Odelle,orobbingsq4@patch.com,United States,Female
Adamo,agosnallq5@qq.com,Colombia,Male
Larine,lbellenyq6@cam.ac.uk,France,Female
Coretta,cbiggsq7@dagondesign.com,Argentina,Female
Jarad,jberfootq8@etsy.com,Palestinian Territory,Male
Findlay,fhalledeq9@xrea.com,Indonesia,Male
Bev,blockartqa@moonfruit.com,France,Male
Janean,jgosbyqb@scribd.com,Palau,Female
Corilla,ckaesmansqc@marriott.com,Mexico,Female
Donnajean,dfiddymontqd@devhub.com,China,Female
Gaston,glaiseqe@csmonitor.com,Denmark,Male
Herbie,hdeverilleqf@nationalgeographic.com,Palestinian Territory,Male
Corenda,cmadillqg@chron.com,China,Female
Waylin,wblackburnqh@businessweek.com,United States,Male
Kristi,kcorterqi@mtv.com,Russia,Female
Bank,bswithenbyqj@dropbox.com,Latvia,Male
Nichol,nhymusqk@time.com,Portugal,Female
Jase,jbehninckql@tinypic.com,United States,Male
Jefferson,jgyorgyqm@odnoklassniki.ru,Panama,Male
Westleigh,wjenkinsqn@homestead.com,Sri Lanka,Male
Zitella,zgoldaqo@tamu.edu,Haiti,Female
Iolande,imcnerlinqp@mediafire.com,China,Female
Leon,learleyqq@ovh.net,China,Male
Newton,nmccaffertyqr@facebook.com,Philippines,Male
Saunders,smcteerqs@mit.edu,Argentina,Male
Umeko,ugirardiqt@yahoo.co.jp,China,Female
Papageno,psloeyqu@loc.gov,China,Male
Mimi,mterronqv@samsung.com,Russia,Female
Marina,mheazelqw@constantcontact.com,Russia,Female
Gabriela,gdahlborgqx@alexa.com,Poland,Female
Barny,bruslinqy@ucla.edu,China,Male
Letisha,lperryqz@gnu.org,Philippines,Female
Joanna,jokaner0@meetup.com,Malaysia,Female
Bibby,bkildear1@ycombinator.com,Panama,Female
Tyrus,tgeorgievskir2@mail.ru,Namibia,Male
Friedrich,fclemowr3@yelp.com,China,Male
Flinn,fjickellsr4@addtoany.com,Peru,Male
Gareth,gmckibbinr5@usnews.com,Sweden,Male
Jasun,jvarkerr6@nymag.com,Finland,Male
Verla,vmurfillr7@alexa.com,Brazil,Female
Rodolphe,rchiddyr8@fotki.com,Mexico,Male
Tomas,thackforthr9@cdc.gov,Russia,Male
Rose,rpitkethlyra@xing.com,Sweden,Female
Con,cvannerb@prlog.org,Indonesia,Male
Kaiser,kfruserrc@intel.com,China,Male
Kristel,kdovermannrd@ihg.com,Colombia,Female
Renell,rringrosere@creativecommons.org,Poland,Female
Anstice,ariggollrf@independent.co.uk,Indonesia,Female
Kennedy,kranscombrg@wikia.com,United States,Male
Luce,lsentancerh@g.co,China,Male
Rodie,rgreesonri@kickstarter.com,Thailand,Female
Domenico,dgaroghanrj@shinystat.com,China,Male
Camey,cscroggsrk@bravesites.com,Tunisia,Male
Blinny,bboarrl@toplist.cz,Indonesia,Female
Guinevere,gcarseyrm@edublogs.org,Argentina,Female
Angelica,agwillyamrn@comsenz.com,Philippines,Female
Vevay,vchestertonro@gizmodo.com,Canada,Female
Ediva,ebeveragerp@google.nl,United States,Female
Salvador,schadwickrq@deliciousdays.com,Pakistan,Male
Danica,dquembyrr@reuters.com,China,Female
